intentType,obs_collection,provenance_name,instrument_name,project,filters,wavelength_region,target_name,target_classification,obs_id,s_ra,s_dec,dataproduct_type,proposal_pi,calib_level,t_min,t_max,t_exptime,em_min,em_max,obs_title,t_obs_release,proposal_id,proposal_type,sequence_number,s_region,jpegURL,dataURL,dataRights,mtFlag,srcDen,obsid,objID
science,HST,CALWF3,WFC3/UVIS,HST,F814W,OPTICAL,NGC-4536,GALAXY;SPIRAL,ib1f24030,188.58270875,2.205797222222,image,"Riess, Adam",3,55396.18538538194,55396.20191296296,1300.0,702.5,961.2,Narrowing in on the Hubble Constant and Dark Energy,55761.40418974,11570,GO,,POLYGON -171.38520204999998 2.19084939 -171.39487938000002 2.21137002 -171.39490502907194 2.211359855478932 -171.39491684 2.2113849 -171.43709288000002 2.19467008 -171.42741507 2.17414972 -171.42738942160716 2.1741598851517354 -171.42737761 2.17413484 -171.38520204999998 2.19084939 -171.38520204999998 2.19084939,mast:HST/product/ib1f24030_drz.jpg,mast:HST/product/ib1f24030_drz.fits,PUBLIC,False,,24795528,920268311
science,HST,CALWF3,WFC3/UVIS,HST,F555W,OPTICAL,NGC-4536,GALAXY;SPIRAL,ib1f24020,188.58270875,2.205797222222,image,"Riess, Adam",3,55396.13081354167,55396.18370702546,1300.0,441.7,659.1,Narrowing in on the Hubble Constant and Dark Energy,55761.40283557,11570,GO,,POLYGON -171.38520204999998 2.19084939 -171.39487938000002 2.21137002 -171.39490502907194 2.211359855478932 -171.39491684 2.2113849 -171.43709288000002 2.19467008 -171.42741507 2.17414972 -171.42738942160716 2.1741598851517354 -171.42737761 2.17413484 -171.38520204999998 2.19084939 -171.38520204999998 2.19084939,mast:HST/product/ib1f24020_drz.jpg,mast:HST/product/ib1f24020_drz.fits,PUBLIC,False,,24795527,920268313
science,HST,HAP-SVM,WFC3/UVIS,HAP,F555W,OPTICAL,NGC-4536,GALAXY;SPIRAL,hst_11570_24_wfc3_uvis_f555w_ib1f24,188.58270875,2.205797222222,image,"Riess, Adam",3,55396.13081354,55396.18370704,1300.0,441.7,659.1,,55761.40283557,11570,HAP,,POLYGON 188.6146825010522 2.190993189219108 188.57248950431915 2.174110942110973 188.56280836191993 2.194757256918546 188.6049027072059 2.2113536347535785 188.6146825010522 2.190993189219108 POLYGON 188.56270923389687 2.1951314443833 188.55322607544255 2.2154475330394314 188.55325911272283 2.2156456336890358 188.59514467303367 2.231780049575073 188.60478156051897 2.21168380310701 188.56270923389687 2.1951314443833,mast:HST/product/hst_11570_24_wfc3_uvis_f555w_ib1f24_drc.jpg,mast:HST/product/hst_11570_24_wfc3_uvis_f555w_ib1f24_drc.fits,PUBLIC,False,,26506213,935226466
science,HST,HAP-SVM,WFC3/UVIS,HAP,F814W,OPTICAL,NGC-4536,GALAXY;SPIRAL,hst_11570_24_wfc3_uvis_f814w_ib1f24,188.58270875,2.205797222222,image,"Riess, Adam",3,55396.18538539,55396.20191296,1300.0,702.5,961.2,,55761.40418974,11570,HAP,,POLYGON 188.6146825010522 2.190993189219108 188.57247849083728 2.174110942027873 188.56280836191993 2.194757256918546 188.6049027072059 2.2113536347535785 188.6146825010522 2.190993189219108 POLYGON 188.604770546143 2.211639781042536 188.56273126101308 2.1951424502496097 188.55320404424467 2.2156236214433336 188.59514467303367 2.231780049575073 188.604770546143 2.211639781042536,mast:HST/product/hst_11570_24_wfc3_uvis_f814w_ib1f24_drc.jpg,mast:HST/product/hst_11570_24_wfc3_uvis_f814w_ib1f24_drc.fits,PUBLIC,False,,26506237,935226913
science,HST,HAP-SVM,WFC3/UVIS,HAP,detection,,NGC-4536,GALAXY;SPIRAL,hst_11570_24_wfc3_uvis_total_ib1f24,188.58270875,2.205797222222,image,"Riess, Adam",3,55396.13081354,55396.20191296,2600.0,,,,55761.40418974,11570,HAP,,POLYGON 188.6146825010522 2.190993189219108 188.57248950431915 2.174110942110973 188.56284140219833 2.194801279602627 188.60492473425202 2.2113206177773987 188.6146825010522 2.190993189219108 POLYGON 188.56270923342734 2.195164461047776 188.55320404424467 2.2156236214433336 188.59517771425823 2.2317140160049216 188.6047595336185 2.211727825635921 188.56270923342734 2.195164461047776,mast:HST/product/hst_11570_24_wfc3_uvis_total_ib1f24_drc.jpg,mast:HST/product/hst_11570_24_wfc3_uvis_total_ib1f24_drc.fits,PUBLIC,False,,26506269,935227871
science,HST,HAP-MVM,WFC3/UVIS,HAP,F350LP,OPTICAL,NGC-4639,GALAXY;SPIRAL,hst_skycell-p1637x17y08_wfc3_uvis_f350lp_all,190.71699875,13.25730833333,image,,3,55050.46460205,55050.47071295,400.0,325.5,993.8,,55415.64682862,,,,POLYGON 190.75200252270974 13.248061576213923 190.7123448307138 13.224146794530686 190.69896493409306 13.242811188197571 190.73848923822618 13.266405556183452 190.75200252270974 13.248061576213923 POLYGON 190.73830502821664 13.2666598863433 190.69878009931338 13.243154324549716 190.68552500781945 13.261618832797778 190.72500766420234 13.284826700760998 190.73830502821664 13.2666598863433,mast:HST/product/hst_skycell-p1637x17y08_wfc3_uvis_f350lp_all_drc.jpg,mast:HST/product/hst_skycell-p1637x17y08_wfc3_uvis_f350lp_all_drc.fits,PUBLIC,False,,87524006,659453591
science,HST,HAP-MVM,WFC3/UVIS,HAP,F555W,OPTICAL,NGC-4639,GALAXY;SPIRAL,hst_skycell-p1637x17y08_wfc3_uvis_f555w_all,190.71699875,13.25730833333,image,,3,55050.40285427,55050.4135948,800.0,441.7,659.1,,55415.5361111,,,,POLYGON 190.7520142218275 13.248017222621508 190.71242481252375 13.224125068893096 190.69897649098743 13.242789048109792 190.73852345882236 13.26640576089982 190.7520142218275 13.248017222621508 POLYGON 190.73836213651592 13.266649122274348 190.69882587213016 13.243132394115735 190.68554774350045 13.2616300789364 190.72501914640557 13.284815664366326 190.73836213651592 13.266649122274348,mast:HST/product/hst_skycell-p1637x17y08_wfc3_uvis_f555w_all_drc.jpg,mast:HST/product/hst_skycell-p1637x17y08_wfc3_uvis_f555w_all_drc.fits,PUBLIC,False,,87524005,659499603
science,HST,HAP-MVM,WFC3/UVIS,HAP,F814W,OPTICAL,NGC-4639,GALAXY;SPIRAL,hst_skycell-p1637x17y08_wfc3_uvis_f814w_all,190.71699875,13.25730833333,image,,3,55050.44801649,55050.45875703,800.0,702.5,961.2,,55415.64584487,,,,POLYGON 190.7520594799414 13.248073019227316 190.71241340802385 13.224124999712988 190.6989761119572 13.242844573012022 190.7385120519568 13.266405692661525 190.7520594799414 13.248073019227316 POLYGON 190.69881446683357 13.243132324234448 190.6855363374301 13.261630008369183 190.72500773876925 13.284815595433859 190.73838458068207 13.266704785306068 190.69881446683357 13.243132324234448,mast:HST/product/hst_skycell-p1637x17y08_wfc3_uvis_f814w_all_drc.jpg,mast:HST/product/hst_skycell-p1637x17y08_wfc3_uvis_f814w_all_drc.fits,PUBLIC,False,,87524004,659516774
science,HST,CALWF3,WFC3/UVIS,HST,F814W,OPTICAL,NGC-4639,GALAXY;SPIRAL,ib1f23050,190.71699875,13.25730833333,image,"Riess, Adam",3,55050.4480165162,55050.45264591435,800.0,702.5,961.2,Narrowing in on the Hubble Constant and Dark Energy,55415.64584487,11570,GO,,POLYGON -169.24793320000003 13.24816187 -169.26137634999998 13.26669274 -169.30103513 13.24291371 -169.28759027 13.22438493 -169.24793320000003 13.24816187 -169.24793320000003 13.24816187,mast:HST/product/ib1f23050_drz.jpg,mast:HST/product/ib1f23050_drz.fits,PUBLIC,False,,24795525,920268402
science,HST,CALWF3,WFC3/UVIS,HST,F555W,OPTICAL,NGC-4639,GALAXY;SPIRAL,ib1f23040,190.71699875,13.25730833333,image,"Riess, Adam",3,55050.40285428241,55050.40748368055,800.0,441.7,659.1,Narrowing in on the Hubble Constant and Dark Energy,55415.5361111,11570,GO,,POLYGON -169.24793320000003 13.24816187 -169.26137634999998 13.26669274 -169.30103513 13.24291371 -169.28759027 13.22438493 -169.24793320000003 13.24816187 -169.24793320000003 13.24816187,mast:HST/product/ib1f23040_drz.jpg,mast:HST/product/ib1f23040_drz.fits,PUBLIC,False,,24795524,920268411
science,HST,CALWF3,WFC3/UVIS,HST,F350LP,OPTICAL,NGC-4639,GALAXY;SPIRAL,ib1f23060,190.71699875,13.25730833333,image,"Riess, Adam",3,55050.46460204861,55050.47071296296,400.0,325.5,993.8,Narrowing in on the Hubble Constant and Dark Energy,55415.64682862,11570,GO,,POLYGON -169.24793320000003 13.24816187 -169.26137634999998 13.26669274 -169.30103513 13.24291371 -169.28759027 13.22438493 -169.24793320000003 13.24816187 -169.24793320000003 13.24816187,mast:HST/product/ib1f23061_drz.jpg,mast:HST/product/ib1f23061_drz.fits,PUBLIC,False,,26100391,920695635
science,HST,CALWF3,WFC3/UVIS,HST,F606W,OPTICAL,NGC-4639,GALAXY;DISK;HALO;SPIRAL,ieyr19060,190.6988880005,13.12724761681,image,"Jang, In Sung",3,60120.27910046296,60120.30949394676,2476.0,474.9,713.2,TRGB and Cepheid distance scales: is there local tension?,60303.49863424,17079,GO,,POLYGON -169.27487975999998 13.10283257 -169.27752685999997 13.1253705 -169.27797622407184 13.125348128098057 -169.278013 13.12566121 -169.32450668 13.12334224 -169.32185529000003 13.10080478 -169.32140598493081 13.100827227595436 -169.32136916000002 13.10051417 -169.27487975999998 13.10283257 -169.27487975999998 13.10283257,mast:HST/product/ieyr19060_drz.jpg,mast:HST/product/ieyr19060_drz.fits,PUBLIC,False,,149345181,933949394
science,HST,CALWF3,WFC3/UVIS,HST,F606W,OPTICAL,NGC-4639,GALAXY;DISK;HALO;SPIRAL,ieyr69020,190.6983727628,13.12721211939,image,"Jang, In Sung",3,60451.62662465278,60451.64189074074,2572.0,474.9,713.2,TRGB and Cepheid distance scales: is there local tension?,60635.91097215,17079,GO,,POLYGON -169.27601114000004 13.1029568 -169.27853711 13.12550805 -169.32504255999999 13.12342612 -169.32251235 13.10087533 -169.27601114000004 13.1029568 -169.27601114000004 13.1029568,mast:HST/product/ieyr69020_drz.jpg,mast:HST/product/ieyr69020_drz.fits,PUBLIC,False,,214995159,933960610
science,HST,HAP-SVM,WFC3/UVIS,HAP,F814W,OPTICAL,NGC-4639,GALAXY;SPIRAL,hst_11570_23_wfc3_uvis_f814w_ib1f23,190.71699875,13.25730833333,image,"Riess, Adam",3,55050.44801649,55050.45875703,800.0,702.5,961.2,,55415.64584487,11570,HAP,,POLYGON 190.75206797082498 13.248056847442076 190.71233772598194 13.224143857451121 190.6989959017011 13.242863625266445 190.7385130253258 13.266404508016207 190.75206797082498 13.248056847442076 POLYGON 190.7383886680591 13.266690661986768 190.69884889663345 13.243160763896107 190.68555025308584 13.261648720082752 190.72504649983995 13.28482848934868 190.7383886680591 13.266690661986768,mast:HST/product/hst_11570_23_wfc3_uvis_f814w_ib1f23_drc.jpg,mast:HST/product/hst_11570_23_wfc3_uvis_f814w_ib1f23_drc.fits,PUBLIC,False,,26506996,935219391
science,HST,HAP-SVM,WFC3/UVIS,HAP,F350LP,OPTICAL,NGC-4639,GALAXY;SPIRAL,hst_11570_23_wfc3_uvis_f350lp_ib1f23,190.71699875,13.25730833333,image,"Riess, Adam",3,55050.46460205,55050.47071295,400.0,325.5,993.8,,55415.64682862,11570,HAP,,POLYGON 190.75201144308716 13.248089871428702 190.71237164200934 13.224143858295188 190.69899590080698 13.242874630821111 190.73849041071455 13.266404509756809 190.75201144308716 13.248089871428702 POLYGON 190.73833213057864 13.266679660752546 190.69876975396195 13.243149752196912 190.68552764042514 13.261637711601496 190.72501257534978 13.284828490179196 190.73833213057864 13.266679660752546,mast:HST/product/hst_11570_23_wfc3_uvis_f350lp_ib1f23_drc.jpg,mast:HST/product/hst_11570_23_wfc3_uvis_f350lp_ib1f23_drc.fits,PUBLIC,False,,26507042,935219635
science,HST,HAP-SVM,WFC3/UVIS,HAP,F555W,OPTICAL,NGC-4639,GALAXY;SPIRAL,hst_11570_23_wfc3_uvis_f555w_ib1f23,190.71699875,13.25730833333,image,"Riess, Adam",3,55050.40285427,55050.4135948,800.0,441.7,659.1,,55415.5361111,11570,HAP,,POLYGON 190.75206797233213 13.248067852995861 190.71242816900804 13.224132854139436 190.6989732910687 13.24284161241702 190.73852433263144 13.266404507145154 190.75206797233213 13.248067852995861 POLYGON 190.6988036744414 13.24312774372392 190.68553895351909 13.261593690850306 190.7250238832296 13.284817484350139 190.73837736162795 13.266701668406546 190.6988036744414 13.24312774372392,mast:HST/product/hst_11570_23_wfc3_uvis_f555w_ib1f23_drc.jpg,mast:HST/product/hst_11570_23_wfc3_uvis_f555w_ib1f23_drc.fits,PUBLIC,False,,26507045,935219778
science,HST,HAP-SVM,WFC3/UVIS,HAP,detection,,NGC-4639,GALAXY;SPIRAL,hst_11570_23_wfc3_uvis_total_ib1f23,190.71699875,13.25730833333,image,"Riess, Adam",3,55050.40285427,55050.47071295,2000.0,,,,55415.64682862,11570,HAP,,POLYGON 190.75206797082498 13.248056847442076 190.71233772598194 13.224143857451121 190.6989845990682 13.242819602177988 190.73852433084258 13.266382496035764 190.75206797082498 13.248056847442076 POLYGON 190.73835474610226 13.266690664580546 190.6987358343823 13.243160755110758 190.68552764042514 13.261637711601496 190.72504649813243 13.284762456032377 190.73835474610226 13.266690664580546,mast:HST/product/hst_11570_23_wfc3_uvis_total_ib1f23_drc.jpg,mast:HST/product/hst_11570_23_wfc3_uvis_total_ib1f23_drc.fits,PUBLIC,False,,26506999,935219908
science,HST,HAP-SVM,WFC3/UVIS,HAP,F606W,OPTICAL,NGC-4639,GALAXY;DISK;HALO;SPIRAL,hst_17079_69_wfc3_uvis_f606w_ieyr69,190.6916666667,13.22305555556,image,"Jang, In Sung",3,60451.61038614,60451.64189075,2572.0,474.9,713.2,,60635.91097215,17079,HAP,,POLYGON 190.72440051670893 13.10268528330244 190.67791357482272 13.100473660910097 190.67761975914823 13.100770787482077 190.67728076586215 13.100814782329463 190.67489438666132 13.123320935233298 190.67532377658168 13.123706168246423 190.67483782413322 13.123937241160231 190.67250752631364 13.14624527678573 190.71858486579487 13.147907623727376 190.71879957475156 13.14759945139712 190.71912732520067 13.147577414236912 190.7217246472648 13.125533068197504 190.72129518962052 13.125235956525758 190.721769803321 13.125037814165353 190.72440051670893 13.10268528330244,mast:HST/product/hst_17079_69_wfc3_uvis_f606w_ieyr69_drc.jpg,mast:HST/product/hst_17079_69_wfc3_uvis_f606w_ieyr69_drc.fits,PUBLIC,False,,215126577,949344954
science,HST,HAP-SVM,WFC3/UVIS,HAP,detection,,NGC-4639,GALAXY;DISK;HALO;SPIRAL,hst_17079_69_wfc3_uvis_total_ieyr69,190.6916666667,13.22305555556,image,"Jang, In Sung",3,60451.61038614,60451.64189075,2572.0,,,,60635.91097215,17079,HAP,,POLYGON 190.72440051670893 13.10268528330244 190.67791357482272 13.100473660910097 190.67761975914823 13.100770787482077 190.67728076586215 13.100814782329463 190.67489438666132 13.123320935233298 190.6753350855501 13.123618124815343 190.67518815253524 13.12387123945322 190.67483782413322 13.123937241160231 190.67250752631364 13.14624527678573 190.71295654858042 13.147709901718882 190.7185961621854 13.147841589527035 190.71881087198435 13.147544422740278 190.71912731963062 13.14751138091863 190.7217246472648 13.125533068197504 190.7212951885952 13.125224950971083 190.7217698022744 13.125026808610713 190.72440051670893 13.10268528330244,mast:HST/product/hst_17079_69_wfc3_uvis_total_ieyr69_drc.jpg,mast:HST/product/hst_17079_69_wfc3_uvis_total_ieyr69_drc.fits,PUBLIC,False,,215126588,949345033
science,HST,HAP-MVM,WFC3/UVIS,HAP,F814W,OPTICAL,NGC-3370,GALAXY;SPIRAL,hst_skycell-p1717x17y08_wfc3_uvis_f814w_all,161.76942375,17.27318055556,image,,3,55290.68351993,56308.88310244,1491.0,702.5,961.2,,56490.04288193,,,,POLYGON 161.79004830056618 17.243955767991984 161.77117822436617 17.24678352482151 161.76642195160693 17.24276146851362 161.7600720061472 17.248512009225557 161.74308661032 17.25113999975476 161.74434700810696 17.26284413145469 161.73214741002639 17.273958587471565 161.7470933935446 17.287131668863307 161.74818745314647 17.296580175458672 161.75631624386946 17.295241346879347 161.7672146049894 17.304751360052844 161.7820418278712 17.290954973160066 161.7945260080613 17.288857766839097 161.79366770973786 17.280133008030763 161.80148412834046 17.27283699720296 161.79210888154248 17.264728301813577 161.79004830056618 17.243955767991984,mast:HST/product/hst_skycell-p1717x17y08_wfc3_uvis_f814w_all_drc.jpg,mast:HST/product/hst_skycell-p1717x17y08_wfc3_uvis_f814w_all_drc.fits,PUBLIC,False,,83772856,663089526
science,HST,HAP-MVM,WFC3/UVIS,HAP,F555W,OPTICAL,NGC-3370,GALAXY;SPIRAL,hst_skycell-p1717x17y08_wfc3_uvis_f555w_all,161.76942375,17.27318055556,image,,3,55290.67773289,56308.83375059,1491.0,441.7,659.1,,56489.9700694,,,,POLYGON 161.79006047789215 17.243889218964306 161.7711665985973 17.246783439502668 161.76642195160693 17.24276146851362 161.76009535149447 17.248501075738705 161.74309842583526 17.25111787602421 161.74437054560826 17.262810989108488 161.73214741002639 17.273958587471565 161.74708186001075 17.287120476424196 161.74816410095173 17.296591107283913 161.75635094214695 17.295263817351056 161.7672146049894 17.304751360052844 161.78200657171348 17.290999141378133 161.79452554971527 17.288913295772993 161.79369114953954 17.280110964919597 161.8014724093336 17.272848019244385 161.79215493114202 17.264784166900547 161.79006047789215 17.243889218964306,mast:HST/product/hst_skycell-p1717x17y08_wfc3_uvis_f555w_all_drc.jpg,mast:HST/product/hst_skycell-p1717x17y08_wfc3_uvis_f555w_all_drc.fits,PUBLIC,False,,83772887,663089537
science,HST,CALWF3,WFC3/UVIS,HST,F814W,OPTICAL,NGC-3370,GALAXY;SPIRAL,ib1f19lmq,161.76942375,17.27318055556,image,"Riess, Adam",3,55290.68351994213,55290.68762862268,355.0,702.5,961.2,Narrowing in on the Hubble Constant and Dark Energy,55655.88388885,11570,GO,,POLYGON 161.7901167014871 17.243883984170317 161.74327616771353 17.251262158581454 161.74566014927353 17.273832522877274 161.79250632038122 17.26645379558292 161.7901167014871 17.243883984170317,mast:HST/product/ib1f19lmq_drz.jpg,mast:HST/product/ib1f19lmq_drz.fits,PUBLIC,False,,23821136,920268486
science,HST,CALWF3,WFC3/UVIS,HST,F555W,OPTICAL,NGC-3370,GALAXY;SPIRAL,ib1f19lkq,161.76942375,17.27318055556,image,"Riess, Adam",3,55290.67773290509,55290.68184158565,355.0,441.7,659.1,Narrowing in on the Hubble Constant and Dark Energy,55655.75061342,11570,GO,,POLYGON 161.7901167014871 17.243883984170317 161.74327616771353 17.251262158581454 161.74566014927353 17.273832522877274 161.79250632038122 17.26645379558292 161.7901167014871 17.243883984170317,mast:HST/product/ib1f19lkq_drz.jpg,mast:HST/product/ib1f19lkq_drz.fits,PUBLIC,False,,23821135,920268528
science,HST,HAP-SVM,WFC3/UVIS,HAP,F814W,OPTICAL,NGC-3370,GALAXY;SPIRAL,hst_11570_19_wfc3_uvis_f814w_ib1f19,161.76942375,17.27318055556,image,"Riess, Adam",3,55290.68351993,55290.68762861,355.0,702.5,961.2,,55655.88388885,11570,HAP,,POLYGON 161.79003181645172 17.243921546287776 161.74310702087354 17.251173626983732 161.74562788497806 17.27386738852311 161.7922586834868 17.26639464489932 161.79003181645172 17.243921546287776 POLYGON 161.79233940521 17.266768824491756 161.74567394044496 17.274230577174613 161.7482531026924 17.29663816781969 161.7945322065352 17.288922741482622 161.79233940521 17.266768824491756,mast:HST/product/hst_11570_19_wfc3_uvis_f814w_ib1f19_drc.jpg,mast:HST/product/hst_11570_19_wfc3_uvis_f814w_ib1f19_drc.fits,PUBLIC,False,,26506371,935436099
science,HST,HAP-SVM,WFC3/UVIS,HAP,F555W,OPTICAL,NGC-3370,GALAXY;SPIRAL,hst_11570_19_wfc3_uvis_f555w_ib1f19,161.76942375,17.27318055556,image,"Riess, Adam",3,55290.67773289,55290.68184157,355.0,441.7,659.1,,55655.75061342,11570,HAP,,POLYGON 161.7900202929324 17.24392154748129 161.74310702087354 17.251173626983732 161.74562788497806 17.27386738852311 161.7922586834868 17.26639464489932 161.7900202929324 17.24392154748129 POLYGON 161.7922356751476 17.266724814188137 161.74567394044496 17.274230577174613 161.7481608919095 17.296605141631574 161.7945322065352 17.288922741482622 161.7922356751476 17.266724814188137,mast:HST/product/hst_11570_19_wfc3_uvis_f555w_ib1f19_drc.jpg,mast:HST/product/hst_11570_19_wfc3_uvis_f555w_ib1f19_drc.fits,PUBLIC,False,,26506382,935436133
science,HST,HAP-SVM,WFC3/UVIS,HAP,detection,,NGC-3370,GALAXY;SPIRAL,hst_11570_19_wfc3_uvis_total_ib1f19,161.76942375,17.27318055556,image,"Riess, Adam",3,55290.67773289,55290.68762861,710.0,,,,55655.88388885,11570,HAP,,POLYGON 161.79006639202535 17.24396556491424 161.74310702087354 17.251173626983732 161.74568551612398 17.273834378534495 161.7922586793318 17.26636162823479 161.79006639202535 17.24396556491424 POLYGON 161.7922356792985 17.2667578308527 161.74568546167038 17.274263595172986 161.7481608919095 17.296605141631574 161.79450914475223 17.288856711067528 161.7922356792985 17.2667578308527,mast:HST/product/hst_11570_19_wfc3_uvis_total_ib1f19_drc.jpg,mast:HST/product/hst_11570_19_wfc3_uvis_total_ib1f19_drc.fits,PUBLIC,False,,26506385,935436194
science,HST,CALWF3,WFC3/UVIS,HST,F814W,OPTICAL,NGC-3021,GALAXY;SPIRAL,ib1f43p9q,147.73735,33.55523611111,image,"Riess, Adam",3,55350.26087075232,55350.26497943287,355.0,702.5,961.2,Narrowing in on the Hubble Constant and Dark Energy,55715.4919329,11570,GO,,POLYGON 147.77830640789486 33.54608531718452 147.7319913789904 33.522312628790054 147.7162888370166 33.54084033068708 147.76260947823909 33.56461886419958 147.77830640789486 33.54608531718452,mast:HST/product/ib1f43p9q_drz.jpg,mast:HST/product/ib1f43p9q_drz.fits,PUBLIC,False,,23821328,920237536
science,HST,CALWF3,WFC3/UVIS,HST,F555W,OPTICAL,NGC-3021,GALAXY;SPIRAL,ib1f43p7q,147.73735,33.55523611111,image,"Riess, Adam",3,55350.25508371528,55350.25919239583,355.0,441.7,659.1,Narrowing in on the Hubble Constant and Dark Energy,55715.49170142,11570,GO,,POLYGON 147.77830640789486 33.54608531718452 147.7319913789904 33.522312628790054 147.7162888370166 33.54084033068708 147.76260947823909 33.56461886419958 147.77830640789486 33.54608531718452,mast:HST/product/ib1f43p7q_drz.jpg,mast:HST/product/ib1f43p7q_drz.fits,PUBLIC,False,,23821327,920237583
science,HST,HAP-SVM,WFC3/UVIS,HAP,F814W,OPTICAL,NGC-3021,GALAXY;SPIRAL,hst_11570_43_wfc3_uvis_f814w_ib1f43,147.73735,33.55523611111,image,"Riess, Adam",3,55350.26087075,55350.26497943,355.0,702.5,961.2,,55715.4919329,11570,HAP,,POLYGON 147.73188850375146 33.52212907138238 147.71625317342563 33.540869613251665 147.7624211906854 33.56442149643051 147.77822261622427 33.54609330941268 147.73188850375146 33.52212907138238 POLYGON 147.76223636097322 33.56471868060456 147.71598901607663 33.54114470286219 147.70050539094174 33.559641172752336 147.74665269618137 33.5828467230892 147.76223636097322 33.56471868060456,mast:HST/product/hst_11570_43_wfc3_uvis_f814w_ib1f43_drc.jpg,mast:HST/product/hst_11570_43_wfc3_uvis_f814w_ib1f43_drc.fits,PUBLIC,False,,26506455,935224605
science,HST,HAP-SVM,WFC3/UVIS,HAP,F555W,OPTICAL,NGC-3021,GALAXY;SPIRAL,hst_11570_43_wfc3_uvis_f555w_ib1f43,147.73735,33.55523611111,image,"Riess, Adam",3,55350.25508371,55350.25919239,355.0,441.7,659.1,,55715.49170142,11570,HAP,,POLYGON 147.77815656180812 33.54602729672162 147.73188850375146 33.52212907138238 147.71621357568685 33.540814578127815 147.7624343984378 33.56442149397687 147.77815656180812 33.54602729672162 POLYGON 147.71594940349394 33.54114469542629 147.70051861773513 33.55959715466103 147.74665269618137 33.5828467230892 147.76223636389255 33.56472968615902 147.71594940349394 33.54114469542629,mast:HST/product/hst_11570_43_wfc3_uvis_f555w_ib1f43_drc.jpg,mast:HST/product/hst_11570_43_wfc3_uvis_f555w_ib1f43_drc.fits,PUBLIC,False,,26506468,935224632
science,HST,HAP-SVM,WFC3/UVIS,HAP,detection,,NGC-3021,GALAXY;SPIRAL,hst_11570_43_wfc3_uvis_total_ib1f43,147.73735,33.55523611111,image,"Riess, Adam",3,55350.25508371,55350.26497943,710.0,,,,55715.4919329,11570,HAP,,POLYGON 147.73188850375146 33.52212907138238 147.71623999573535 33.5407705608127 147.76243438960412 33.564388477313514 147.77822261622427 33.54609330941268 147.73188850375146 33.52212907138238 POLYGON 147.76217031616193 33.564696681644826 147.71592298616363 33.541177707125264 147.70050539094174 33.559641172752336 147.7467055337653 33.582791692199535 147.76217031616193 33.564696681644826,mast:HST/product/hst_11570_43_wfc3_uvis_total_ib1f43_drc.jpg,mast:HST/product/hst_11570_43_wfc3_uvis_total_ib1f43_drc.fits,PUBLIC,False,,26506475,935224747
science,HST,HAP-MVM,WFC3/UVIS,HAP,F814W,OPTICAL,NGC-3982,GALAXY;SPIRAL,hst_skycell-p2376x05y16_wfc3_uvis_f814w_all,179.1131225,55.12320833333,image,,3,55047.40176612,60220.99509944,6105.0,702.5,961.2,,55412.62571754,,,,POLYGON 179.14440674972914 55.094816789794315 179.10586929997496 55.10075142446955 179.13099270222105 55.14357725263133 179.16929502768858 55.13796210693835 179.14440674972914 55.094816789794315 POLYGON 179.1304912196406 55.14364267361619 179.10529398080692 55.10087373837107 179.0673224069948 55.10671837150057 179.09266480531193 55.14926962422043 179.1304912196406 55.14364267361619 POLYGON 179.27476584547753 55.212032903850755 179.21329435575524 55.24011717460827 179.23548592593772 55.258605296624694 179.29761419299422 55.230541000180445 179.27476584547753 55.212032903850755 POLYGON 179.29778677463514 55.23080400289933 179.23567493617125 55.258823604615074 179.25815462806509 55.277534942483655 179.32084901861674 55.249580961280586 179.29778677463514 55.23080400289933,mast:HST/product/hst_skycell-p2376x05y16_wfc3_uvis_f814w_all_drc.jpg,mast:HST/product/hst_skycell-p2376x05y16_wfc3_uvis_f814w_all_drc.fits,PUBLIC,False,,87600917,659452703
science,HST,HAP-MVM,WFC3/UVIS,HAP,F555W,OPTICAL,NGC-3982,GALAXY;SPIRAL,hst_skycell-p2376x05y16_wfc3_uvis_f555w_all,179.1131225,55.12320833333,image,,3,55047.41292353,55047.45678925,700.0,441.7,659.1,,55412.63324065,,,,POLYGON 179.14442680286382 55.094827502849185 179.10587060348425 55.10077361935475 179.13101277610542 55.14358796733518 179.1692956974167 55.13797320358249 179.14442680286382 55.094827502849185 POLYGON 179.10515691571024 55.10085418895592 179.06722798171555 55.1067646219582 179.09266415639442 55.14925852704088 179.13051458941797 55.14370887299154 179.10515691571024 55.10085418895592,mast:HST/product/hst_skycell-p2376x05y16_wfc3_uvis_f555w_all_drc.jpg,mast:HST/product/hst_skycell-p2376x05y16_wfc3_uvis_f555w_all_drc.fits,PUBLIC,False,,87600918,659506179
science,HST,CALWF3,WFC3/UVIS,HST,F555W,OPTICAL,NGC-3982,GALAXY;SPIRAL,ib1f22040,179.1131225,55.12320833333,image,"Riess, Adam",3,55047.41292353009,55047.45678923611,700.0,441.7,659.1,Narrowing in on the Hubble Constant and Dark Energy,55412.63324065,11570,GO,,POLYGON 179.16922536 55.13813718 179.13085646 55.14394051 179.1308412136521 55.143914325325824 179.13079445 55.14392139 179.10577311 55.1008999 179.14410432 55.09510444 179.1441195664828 55.095130640230636 179.14416634 55.09512356 179.16922536 55.13813718 179.16922536 55.13813718,mast:HST/product/ib1f22040_drz.jpg,mast:HST/product/ib1f22040_drz.fits,PUBLIC,False,,24795520,920268434
science,HST,CALWF3,WFC3/UVIS,HST,F814W,OPTICAL,NGC-3982,GALAXY;SPIRAL,ib1f22030,179.1131225,55.12320833333,image,"Riess, Adam",3,55047.40176612268,55047.41134961806,700.0,702.5,961.2,Narrowing in on the Hubble Constant and Dark Energy,55412.62571754,11570,GO,,POLYGON 179.16922536 55.13813718 179.13085646 55.14394051 179.1308412136521 55.143914325325824 179.13079445 55.14392139 179.10577311 55.1008999 179.14410432 55.09510444 179.1441195664828 55.095130640230636 179.14416634 55.09512356 179.16922536 55.13813718 179.16922536 55.13813718,mast:HST/product/ib1f22030_drz.jpg,mast:HST/product/ib1f22030_drz.fits,PUBLIC,False,,24795519,920268444
science,HST,HAP-SVM,WFC3/UVIS,HAP,F555W,OPTICAL,NGC-3982,GALAXY;SPIRAL,hst_11570_22_wfc3_uvis_f555w_ib1f22,179.1131225,55.12320833333,image,"Riess, Adam",3,55047.41292353,55047.45678925,700.0,441.7,659.1,,55412.63324065,11570,HAP,,POLYGON 179.14443433483598 55.094832798573734 179.10587015647002 55.10076697553894 179.13098671776078 55.14356754154972 179.16931938262186 55.13796670568349 179.14443433483598 55.094832798573734 POLYGON 179.13050532718387 55.14364462971002 179.1053315109378 55.10088798088229 179.06727524266358 55.10673298310174 179.0926624975724 55.14925540075368 179.13050532718387 55.14364462971002,mast:HST/product/hst_11570_22_wfc3_uvis_f555w_ib1f22_drc.jpg,mast:HST/product/hst_11570_22_wfc3_uvis_f555w_ib1f22_drc.fits,PUBLIC,False,,26506229,935325540
science,HST,HAP-SVM,WFC3/UVIS,HAP,F814W,OPTICAL,NGC-3982,GALAXY;SPIRAL,hst_11570_22_wfc3_uvis_f814w_ib1f22,179.1131225,55.12320833333,image,"Riess, Adam",3,55047.40176612,55047.41134962,700.0,702.5,961.2,,55412.62571754,11570,HAP,,POLYGON 179.14441509454218 55.094821797146516 179.10594711378778 55.10072296109339 179.13100598137072 55.14358955064702 179.16931938262186 55.13796670568349 179.14441509454218 55.094821797146516 POLYGON 179.13050533394775 55.14366664081806 179.10527381007398 55.100865963660155 179.0672174419143 55.10679899230353 179.09266249051927 55.14926640630597 179.13050533394775 55.14366664081806,mast:HST/product/hst_11570_22_wfc3_uvis_f814w_ib1f22_drc.jpg,mast:HST/product/hst_11570_22_wfc3_uvis_f814w_ib1f22_drc.fits,PUBLIC,False,,26506248,935325667
science,HST,HAP-SVM,WFC3/UVIS,HAP,detection,,NGC-3982,GALAXY;SPIRAL,hst_11570_22_wfc3_uvis_total_ib1f22,179.1131225,55.12320833333,image,"Riess, Adam",3,55047.40176612,55047.45678925,1400.0,,,,55412.63324065,11570,HAP,,POLYGON 179.14443433483598 55.094832798573734 179.10602406084269 55.10071196326129 179.13104448747072 55.1435675355084 179.16931938262186 55.13796670568349 179.14443433483598 55.094832798573734 POLYGON 179.1304475573622 55.1436446354964 179.10508145016024 55.100865943082596 179.0672174419143 55.10679899230353 179.09279731275976 55.149255428901576 179.1304475573622 55.1436446354964,mast:HST/product/hst_11570_22_wfc3_uvis_total_ib1f22_drc.jpg,mast:HST/product/hst_11570_22_wfc3_uvis_total_ib1f22_drc.fits,PUBLIC,False,,26506301,935325878
science,HST,CALWF3,WFC3/UVIS,HST,F555W,OPTICAL,NGC-1309,GALAXY;SPIRAL,ib1f20dnq,50.52646583333,-15.39819444444,image,"Riess, Adam",3,55401.228673032405,55401.23301319445,375.0,441.7,659.1,Narrowing in on the Hubble Constant and Dark Energy,55766.3801273,11570,GO,,POLYGON 50.49105976198105 -15.407340018525042 50.513406025814845 -15.367447924908866 50.53476856377364 -15.376951581015392 50.5124253745743 -15.416845806759145 50.49105976198105 -15.407340018525042,mast:HST/product/ib1f20dnq_drz.jpg,mast:HST/product/ib1f20dnq_drz.fits,PUBLIC,False,,23821151,920268473
science,HST,CALWF3,WFC3/UVIS,HST,F814W,OPTICAL,NGC-1309,GALAXY;SPIRAL,ib1f20dpq,50.52646583333,-15.39819444444,image,"Riess, Adam",3,55401.234691550926,55401.238800231484,355.0,702.5,961.2,Narrowing in on the Hubble Constant and Dark Energy,55766.38164351,11570,GO,,POLYGON 50.49105976198105 -15.407340018525042 50.513406025814845 -15.367447924908866 50.53476856377364 -15.376951581015392 50.5124253745743 -15.416845806759145 50.49105976198105 -15.407340018525042,mast:HST/product/ib1f20dpq_drz.jpg,mast:HST/product/ib1f20dpq_drz.fits,PUBLIC,False,,23821152,920268511
science,HST,HAP-SVM,WFC3/UVIS,HAP,F814W,OPTICAL,NGC-1309,GALAXY;SPIRAL,hst_11570_20_wfc3_uvis_f814w_ib1f20,50.52646583333,-15.39819444444,image,"Riess, Adam",3,55401.23469155,55401.23880023,355.0,702.5,961.2,,55766.38164351,11570,HAP,,POLYGON 50.55629290003248 -15.386646130990556 50.53377362207056 -15.425949111530018 50.51275569360757 -15.416748426767954 50.5351295420242 -15.377040360514215 50.55629290003248 -15.386646130990556 POLYGON 50.53478710955251 -15.376897305495573 50.51240179722262 -15.41656131472392 50.49108897297344 -15.407237517033062 50.513340395743256 -15.367223457708949 50.53478710955251 -15.376897305495573,mast:HST/product/hst_11570_20_wfc3_uvis_f814w_ib1f20_drc.jpg,mast:HST/product/hst_11570_20_wfc3_uvis_f814w_ib1f20_drc.fits,PUBLIC,False,,26507015,935179030
science,HST,HAP-SVM,WFC3/UVIS,HAP,F555W,OPTICAL,NGC-1309,GALAXY;SPIRAL,hst_11570_20_wfc3_uvis_f555w_ib1f20,50.52646583333,-15.39819444444,image,"Riess, Adam",3,55401.22867303,55401.23301319,375.0,441.7,659.1,,55766.3801273,11570,HAP,,POLYGON 50.556292898309046 -15.386635125436895 50.53377362207056 -15.425949111530018 50.512801357815384 -15.416770440109417 50.5127671180533 -15.416594349567085 50.53517519806517 -15.377029352628854 50.556292898309046 -15.386635125436895 POLYGON 50.53478710955251 -15.376897305495573 50.51240179722262 -15.41656131472392 50.49108897297344 -15.407237517033062 50.51342029274003 -15.367190444731882 50.53478710955251 -15.376897305495573,mast:HST/product/hst_11570_20_wfc3_uvis_f555w_ib1f20_drc.jpg,mast:HST/product/hst_11570_20_wfc3_uvis_f555w_ib1f20_drc.fits,PUBLIC,False,,26507016,935179064
science,HST,HAP-SVM,WFC3/UVIS,HAP,detection,,NGC-1309,GALAXY;SPIRAL,hst_11570_20_wfc3_uvis_total_ib1f20,50.52646583333,-15.39819444444,image,"Riess, Adam",3,55401.22867303,55401.23880023,730.0,,,,55766.38164351,11570,HAP,,POLYGON 50.55629290003248 -15.386646130990556 50.53370511941128 -15.425916097945974 50.51275569418713 -15.416737421213679 50.53519802699522 -15.377040357014078 50.55629290003248 -15.386646130990556 POLYGON 50.49108897297344 -15.407237517033062 50.513328981570744 -15.367234462733448 50.53476427890589 -15.376853284405737 50.51237896516167 -15.416550308013523 50.49108897297344 -15.407237517033062,mast:HST/product/hst_11570_20_wfc3_uvis_total_ib1f20_drc.jpg,mast:HST/product/hst_11570_20_wfc3_uvis_total_ib1f20_drc.fits,PUBLIC,False,,26506648,935179123
